{
	"Strategy": [
		[
			1,
			6e-45,
			6e-45
		],
		[
			0.29196298,
			0.3397908,
			0.3682463
		],
		[
			6e-45,
			6e-45,
			1
		],
		[
			6e-45,
			1,
			6e-45
		],
		[
			1,
			6e-45,
			6e-45
		],
		[
			0.41280138,
			0.2929622,
			0.2942364
		],
		[
			6e-45,
			6e-45,
			1
		],
		[
			6e-45,
			1,
			6e-45
		],
		[
			1,
			6e-45,
			6e-45
		],
		[
			0.31914648,
			0.39608645,
			0.28476703
		],
		[
			6e-45,
			6e-45,
			1
		],
		[
			6e-45,
			1,
			6e-45
		],
		[
			1,
			6e-45,
			6e-45
		],
		[
			0.3889066,
			0.26899362,
			0.34209976
		],
		[
			6e-45,
			6e-45,
			1
		],
		[
			6e-45,
			1,
			6e-45
		],
		[
			1,
			6e-45,
			6e-45
		],
		[
			0.36640918,
			0.36161953,
			0.27197132
		],
		[
			6e-45,
			6e-45,
			1
		],
		[
			6e-45,
			1,
			6e-45
		],
		[
			1,
			6e-45,
			6e-45
		]
	],
	"ActionSequence": {},
	"Wins": 483027,
	"Losses": 516973
}