{
	"Strategy": [
		[
			1,
			6e-45,
			6e-45
		],
		[
			0.36959046,
			0.20634079,
			0.42406878
		],
		[
			6e-45,
			6e-45,
			1
		],
		[
			6e-45,
			1,
			6e-45
		],
		[
			1,
			6e-45,
			6e-45
		],
		[
			0.34386894,
			0.3794711,
			0.27665994
		],
		[
			6e-45,
			6e-45,
			1
		],
		[
			6e-45,
			1,
			6e-45
		],
		[
			1,
			6e-45,
			6e-45
		],
		[
			0.29920393,
			0.3862105,
			0.3145856
		],
		[
			6e-45,
			6e-45,
			1
		],
		[
			6e-45,
			1,
			6e-45
		],
		[
			1,
			6e-45,
			6e-45
		],
		[
			0.38859987,
			0.29409534,
			0.31730482
		],
		[
			6e-45,
			6e-45,
			1
		],
		[
			6e-45,
			1,
			6e-45
		],
		[
			1,
			6e-45,
			6e-45
		],
		[
			0.30638883,
			0.34659362,
			0.3470175
		],
		[
			6e-45,
			6e-45,
			1
		],
		[
			6e-45,
			1,
			6e-45
		],
		[
			1,
			6e-45,
			6e-45
		]
	],
	"ActionSequence": {},
	"Wins": 533348,
	"Losses": 466652
}