{
	"Strategy": [
		[
			1,
			6e-45,
			6e-45
		],
		[
			1,
			4.4159477e-33,
			1.1151969e-31
		],
		[
			6e-45,
			6e-45,
			1
		],
		[
			6e-45,
			1,
			6e-45
		],
		[
			1,
			6e-45,
			6e-45
		],
		[
			2.8782166e-13,
			1,
			2.7653325e-13
		],
		[
			6e-45,
			6e-45,
			1
		],
		[
			6e-45,
			1,
			6e-45
		],
		[
			1,
			6e-45,
			6e-45
		],
		[
			0.000004724521,
			0.20646231,
			0.79353297
		],
		[
			6e-45,
			6e-45,
			1
		],
		[
			6e-45,
			1,
			6e-45
		],
		[
			1,
			6e-45,
			6e-45
		],
		[
			0.010505379,
			0.4968072,
			0.49268743
		],
		[
			6e-45,
			6e-45,
			1
		],
		[
			6e-45,
			1,
			6e-45
		],
		[
			1,
			6e-45,
			6e-45
		],
		[
			0.22993776,
			0.48500243,
			0.28505984
		],
		[
			6e-45,
			6e-45,
			1
		],
		[
			6e-45,
			1,
			6e-45
		],
		[
			1,
			6e-45,
			6e-45
		]
	],
	"ActionSequence": {},
	"Wins": 999331,
	"Losses": 669
}